{
  "time": 3.7256e+17,
  "disk_lifetime": 78325963200000.0,
  "disk_is_dissipated": true,
  "derivatives": {
    "central_body": {
      "radiative_zone_angular_momentum": 0.0,
      "convective_zone_angular_momentum": 0.0
    },
    "orbiting_body": {
      "semi_major_axis": 0.0,
      "spin": 0.0,
      "eccentricity": 0.0,
      "inclination": 0.0,
      "longitude_ascending_node": 0.0,
      "pericentre_omega": 0.0,
      "spin_inclination": 0.0
    },
    "perturbing_body": {
      "eccentricity": 0.0,
      "pericentre_omega": 0.0
    }
  },
  "central_body": {
    "kind": {
      "Star": {
        "mass": 1.3705025460690082e+30,
        "spin": 3.441797038059882e-12,
        "core_envelope_coupling_constant": 1.1910889967819781e+20,
        "evolution": {
          "Mesa": {
            "star_file_path": "examples/data/star/evolution/mesa_10.csv"
          }
        },
        "age": 3.7256e+17,
        "radius": 114471345411.25993,
        "convective_radius": 1704874904.1579905,
        "radiative_mass": 1.0561848069402337e+30,
        "convective_moment_of_inertia_derivative": 1.465207131222903e+38,
        "convective_moment_of_inertia": 5.9948111285582715e+50,
        "radiative_moment_of_inertia": 2.2348907966551803e+45,
        "radiative_mass_derivative": 279575955530036.8,
        "luminosity": 1.0102671620139463e+30,
        "dynamical_tide_dissipation": 2956.5495635250213,
        "convective_turnover_time": 6835766.752537673,
        "convective_turnover_time_sun": 2126270.90231897,
        "angular_momentum_redistribution": 1.0386739197592023e+39,
        "mass_transfer_envelope_to_core_torque": 1.8645706823771098e+21,
        "rossby": 267059.0971129557,
        "mass_loss_rate": 0.005680638799060186,
        "magnetic_field": 0.0,
        "wind_torque": -88287182034314.66,
        "alfven_radius": 67198195582261.32,
        "tidal_quality": 0.0,
        "tidal_frequency": -6.691078637768289e-8,
        "magnetic_torque": 0.0,
        "tidal_torque_convective": 0.0,
        "evolved_wind_torque": -8.630090148664871e+26,
        "evolved_change_semi_major_axis": 0.009087961076246393,
        "evolved_mass_loss_rate": 2.87030310244786e+16,
        "terminal_wind_speed": 14133.956332275038,
        "mass_accretion_efficiency": 5.381814643527815e-12,
        "wind_orbital_angular_momentum_loss": 1.899118580849564e-11,
        "convective_zone_angular_momentum": 2.0632923186000278e+39,
        "radiative_zone_angular_momentum": 1.0386854840197753e+39
      }
    },
    "tides": "Disabled",
    "magnetism": "Disabled",
    "wind": "Enabled"
  },
  "orbiting_body": {
    "kind": {
      "Planet": {
        "mass": 5.972e+24,
        "radius": 6378100.0,
        "semi_major_axis": 433931832533.5255,
        "magnetic_field": 0.0,
        "spin": 0.0,
        "eccentricity": 0.0,
        "inclination": 0.0,
        "longitude_ascending_node": 0.0,
        "pericentre_omega": 0.0,
        "spin_inclination": 0.0,
        "radius_of_gyration_2": 0.0,
        "luminosity": 0.0,
        "atmosphere": "Disabled",
        "magnetic_pressure": 0.0,
        "mean_motion": 3.34588349858795e-8,
        "roche_limit": 944988897.2352936,
        "orbit_lower_limit": 114471345411.25993,
        "density_ratio": 25191634.216316424,
        "reduced_mass": 5.971973976970204e+24,
        "moment_of_inertia": 0.0,
        "is_destroyed": false
      }
    },
    "tides": "Disabled",
    "magnetism": "Disabled",
    "wind": "Enabled"
  },
  "perturbing_body": null
}