{
  "time": 3.73044679342e+17,
  "disk_lifetime": 78325963200000.0,
  "disk_is_dissipated": true,
  "derivatives": {
    "central_body": {
      "radiative_zone_angular_momentum": 0.0,
      "convective_zone_angular_momentum": 0.0
    },
    "orbiting_body": {
      "semi_major_axis": 0.0,
      "spin": 0.0,
      "eccentricity": 0.0,
      "inclination": 0.0,
      "longitude_ascending_node": 0.0,
      "pericentre_omega": 0.0,
      "spin_inclination": 0.0
    },
    "perturbing_body": {
      "eccentricity": 0.0,
      "pericentre_omega": 0.0
    }
  },
  "central_body": {
    "kind": {
      "Star": {
        "mass": 1.062746166185806e+30,
        "spin": 1.2473332392341086e-12,
        "core_envelope_coupling_constant": 6.355105515939792e+20,
        "evolution": {
          "Mesa": {
            "star_file_path": "examples/data/star/evolution/mesa_10.csv"
          }
        },
        "age": 3.73044679342e+17,
        "radius": 9988296.404232753,
        "convective_radius": 9964611.99375039,
        "radiative_mass": 1.0627461656269991e+30,
        "convective_moment_of_inertia_derivative": 6417553.381243496,
        "convective_moment_of_inertia": 1.0000030123941066e+44,
        "radiative_moment_of_inertia": 1.0000030123941066e+44,
        "radiative_mass_derivative": -0.05869483370265049,
        "luminosity": 3.71506308083733e+25,
        "dynamical_tide_dissipation": 1.2270871436731924e-13,
        "convective_turnover_time": 12.756301762852408,
        "convective_turnover_time_sun": 2126270.90231897,
        "angular_momentum_redistribution": 5.4326812473434505e+38,
        "mass_transfer_envelope_to_core_torque": -4.846317895159629,
        "rossby": 394886774209.0421,
        "mass_loss_rate": 9.394324398068436e-16,
        "magnetic_field": 0.0,
        "wind_torque": -3.3620385372873238e-12,
        "alfven_radius": 53564532.56301712,
        "tidal_quality": 0.0,
        "tidal_frequency": -1.6440352013972176e-7,
        "magnetic_torque": 0.0,
        "tidal_torque_convective": 5.11225119359999e-11,
        "evolved_wind_torque": 0.0,
        "evolved_change_semi_major_axis": -0.0,
        "evolved_mass_loss_rate": -0.0,
        "terminal_wind_speed": 1332420.4147168067,
        "mass_accretion_efficiency": 7.883989480130397e-19,
        "wind_orbital_angular_momentum_loss": 3.1579355129127913e-11,
        "convective_zone_angular_momentum": 1.2473369966934074e+32,
        "radiative_zone_angular_momentum": 1.0865363742023897e+39
      }
    },
    "tides": {
      "ConstantTimeLag": {
        "equilibrium": {
          "Zahn": {
            "f_prime": 4.5,
            "c_f": 1.0,
            "gamma_f": 2.0
          }
        },
        "inertial": "Disabled"
      }
    },
    "magnetism": "Disabled",
    "wind": "Enabled"
  },
  "orbiting_body": {
    "kind": {
      "Planet": {
        "mass": 5.97219e+24,
        "radius": 6378100.0,
        "semi_major_axis": 218954394243.4491,
        "magnetic_field": 0.0,
        "spin": 0.0,
        "eccentricity": 0.0,
        "inclination": 0.0,
        "longitude_ascending_node": 0.0,
        "pericentre_omega": 0.0,
        "spin_inclination": 0.0,
        "radius_of_gyration_2": 0.0,
        "luminosity": 0.0,
        "atmosphere": "Disabled",
        "magnetic_pressure": 0.0,
        "mean_motion": 8.220300740310012e-8,
        "roche_limit": 868171117.9124966,
        "orbit_lower_limit": 868171117.9124966,
        "density_ratio": 0.00002158262980464479,
        "reduced_mass": 5.972156438972826e+24,
        "moment_of_inertia": 0.0,
        "is_destroyed": false
      }
    },
    "tides": "Disabled",
    "magnetism": "Disabled",
    "wind": "Enabled"
  },
  "perturbing_body": null
}